{
    "roc": [
        {
            "fpr": 0.0,
            "tpr": 0.0,
            "threshold": Infinity
        },
        {
            "fpr": 0.00027329871549603714,
            "tpr": 0.06164383561643835,
            "threshold": 1.0
        },
        {
            "fpr": 1.0,
            "tpr": 1.0,
            "threshold": 0.0
        }
    ]
}