{
    "avg_prec": 0.06879063506491599,
    "roc_auc": 0.5306852684504711
}