{
    "avg_prec": 0.550681891426273,
    "roc_auc": 0.9536482570655206
}